County Name,Census Tract ID,Count,Population,"Age Adjusted Rate per 100,000",Lower CI,Upper CI
Adams,53001950100,63,12424,357.86,266.98,479.24
Adams,53001950200,31,8746,277.8,183.54,419
Adams,53001950300,75,36134,469.5,352.18,621.17
Adams,53001950400,34,15586,290.42,199.77,410.48
Adams,53001950500,59,26070,475.32,349.05,647.59
Asotin,53003960100,106,22530,285.15,227.17,364.5
Asotin,53003960200,133,23915,318.49,258.56,394.55
Asotin,53003960300,87,18997,363.1,286.7,458.62
Asotin,53003960400,50,11191,283.59,204.79,400.73
Asotin,53003960500,89,16992,322.75,255.99,410.86
Asotin,53003960600,82,17766,286.89,222.37,372.52
Benton,53005010100,147,22663,400.57,327.42,495.25
Benton,53005010201,142,26089,428.28,355.3,517.07
Benton,53005010202,126,32687,317.68,261.75,385.12
Benton,53005010300,122,27319,353.59,291.61,427.68
Benton,53005010400,85,18108,454.34,360.92,568.61
Benton,53005010500,63,15212,445.21,339.15,578.29
Benton,53005010600,85,21636,349.45,277.56,437.69
Benton,53005010701,63,11486,592.88,408.58,876.41
Benton,53005010703,85,15950,418.23,331.98,524.82
Benton,53005010705,133,27662,558.7,451.44,697.81
Benton,53005010707,73,16339,554.15,427.61,715.57
Benton,53005010708,89,19878,413.09,326.17,522.57
Benton,53005010803,230,43336,424.95,369.28,489.31
Benton,53005010805,208,33187,506.96,435.49,590.91
Benton,53005010807,29,6075,415.71,253.3,702.86
Benton,53005010809,172,32744,508.39,431.34,596.84
Benton,53005010810,167,25762,452.29,383.35,535.14
Benton,53005010811,105,21587,644.77,487.83,851.75
Benton,53005010813,321,65794,361.63,321.09,407.18
Benton,53005010814,112,20446,703.72,546.05,916.17
Benton,53005010901,121,31441,436.35,360.25,526.2
Benton,53005010902,97,25007,431.92,344.63,539.29
Benton,53005011001,138,25275,473.02,393.59,568.31
Benton,53005011002,99,23629,434.61,351.76,534.3
Benton,53005011100,201,37639,492.4,425.3,568.81
Benton,53005011200,108,42368,379.9,310.04,462.04
Benton,53005011300,102,25603,448.23,364.18,547.78
Benton,53005011401,77,19760,444.53,345.09,573.97
Benton,53005011402,135,26096,378.36,312.72,457.18
Benton,53005011501,158,34513,384.13,322.91,456.13
Benton,53005011503,297,53541,429.45,380.35,484.83
Benton,53005011504,66,15187,560.15,414.14,754.1
Benton,53005011600,NULL,4954,NULL,NULL,NULL
Benton,53005011700,120,37046,290.69,239.71,351.08
Benton,53005011800,119,34335,352.45,287.74,431.78
Benton,53005011900,125,31432,342.18,279.84,417.17
Benton,53005012000,0,25,0,0,0
Chelan,53007960100,50,12826,248.41,181.31,345.66
Chelan,53007960200,235,34510,407.36,348.93,477.55
Chelan,53007960300,171,35209,303.34,256.91,359.38
Chelan,53007960400,85,21636,289.17,228.14,366.45
Chelan,53007960500,139,35156,292.81,243.85,350.9
Chelan,53007960600,122,20036,446.29,366.08,543.38
Chelan,53007960700,170,19130,617.96,520.21,740.83
Chelan,53007960801,103,14443,435.63,343.39,569.22
Chelan,53007960802,259,39511,471.1,411.68,538.92
Chelan,53007961000,167,33772,493.22,420.15,576.79
Chelan,53007961100,182,49904,371.85,318.33,432.77
Chelan,53007961200,134,20972,484.38,398.58,589.02
Chelan,53007961301,55,6653,430.54,312.04,623.79
Chelan,53007961302,284,40231,465.5,407.17,532.17
Clallam,53009000200,36,8864,414.59,278.19,657.6
Clallam,53009000300,120,24063,489.81,404.42,590.33
Clallam,53009000400,67,9128,480.54,364.1,633.9
Clallam,53009000600,164,17856,626.03,524.81,747.99
Clallam,53009000700,125,18238,535.48,441.18,649.16
Clallam,53009000800,179,20983,643.53,547.63,755.51
Clallam,53009000900,125,14320,628.37,518.26,761.92
Clallam,53009001000,81,12526,462.96,363.56,590.68
Clallam,53009001100,118,15129,485.57,394.2,599.46
Clallam,53009001200,182,19075,552.03,466.32,656.16
Clallam,53009001300,173,15669,638.72,541.55,757.09
Clallam,53009001400,247,23838,637.15,550.88,741.47
Clallam,53009001500,102,10742,724.58,575.42,908.67
Clallam,53009001600,206,16665,529.41,447.95,642.02
Clallam,53009001700,335,24665,566.75,491.48,659.33
Clallam,53009001800,135,14067,554.52,453.81,685.89
Clallam,53009001900,483,29423,628.49,551.03,726.07
Clallam,53009002000,431,27785,547.68,477.46,635.81
Clallam,53009002100,178,19551,515.32,427.65,622.51
Clallam,53009002300,300,21732,607.7,526.03,719.48
Clallam,53009940000,34,7122,556.15,371.97,843.31
Clallam,53009990100,0,0,0,0,0
Clark,53011040101,80,27440,269.86,211.38,344.71
Clark,53011040102,76,19328,355.58,275.32,456.75
Clark,53011040201,155,31110,372.2,311.12,446.78
Clark,53011040202,85,20277,345.53,269.65,442.43
Clark,53011040203,134,29099,390.08,320.82,473.05
Clark,53011040301,40,8959,400.12,263.42,613.4
Clark,53011040302,157,44341,319.66,269.71,378.21
Clark,53011040403,111,20623,382.65,307.06,480.07
Clark,53011040407,123,30188,454.76,377.07,545.9
Clark,53011040408,98,19427,372.34,296.9,472.64
Clark,53011040409,71,10810,358.95,264.94,529
Clark,53011040411,76,9969,615.99,479.52,795.41
Clark,53011040412,147,25466,471.18,394.02,561.98
Clark,53011040413,51,15069,348.86,258.75,463.15
Clark,53011040414,125,32548,520.15,426.05,635.49
Clark,53011040415,84,22153,312.01,247.28,391.73
Clark,53011040416,93,17186,412.65,326.85,526.59
Clark,53011040504,87,27315,317.37,248.19,403.63
Clark,53011040505,144,30148,425.44,350.53,516.83
Clark,53011040507,43,10568,334.92,237.8,466.8
Clark,53011040508,156,35167,378.87,319.46,447.85
Clark,53011040509,77,15290,421.17,329.81,535.53
Clark,53011040510,168,29618,432.7,364.14,514.64
Clark,53011040511,45,12074,324.36,222.48,472.21
Clark,53011040603,125,24934,419.21,341.03,516.63
Clark,53011040604,121,29965,433.2,354.56,527.64
Clark,53011040605,131,28793,415.92,345.81,499.13
Clark,53011040608,89,23248,337.55,263.72,435.42
Clark,53011040609,72,24764,331.66,243.81,456.71
Clark,53011040610,84,18514,434.92,335.45,571.7
Clark,53011040703,163,33601,491.07,413.87,580.54
Clark,53011040706,64,19472,382.03,289.54,505.13
Clark,53011040707,69,16481,395.28,303.8,514.34
Clark,53011040709,107,23431,487.08,393.23,602.47
Clark,53011040710,189,42882,336.15,286.73,394.06
Clark,53011040711,53,15599,439.39,315.27,613.88
Clark,53011040712,128,30398,515.85,424.8,624.79
Clark,53011040803,152,26488,469.97,393.84,558.82
Clark,53011040805,196,36674,395.57,338.27,462.5
Clark,53011040806,113,24284,443.19,360.04,542.3
Clark,53011040808,43,8516,378.85,271.69,529.18
Clark,53011040809,113,32846,453.64,367.35,558.69
Clark,53011040810,76,15696,460.22,358.26,586.95
Clark,53011040904,175,30292,490.25,416.07,575.53
Clark,53011040905,112,17165,452.39,363.09,570.71
Clark,53011040907,170,31993,464.3,389.8,555.11
Clark,53011040908,186,33595,456.24,387.56,537.19
Clark,53011040909,191,25812,485.6,413.57,572.69
Clark,53011040910,90,21801,417.54,333.99,521.45
Clark,53011041003,127,21568,383.49,315.72,466.47
Clark,53011041005,50,13250,458.3,336.95,615.82
Clark,53011041007,94,16806,404.88,321.41,508.21
Clark,53011041008,150,19021,551.14,456.36,668.91
Clark,53011041009,121,18583,409.48,332.41,505.63
Clark,53011041010,118,19202,455.78,372.7,558.38
Clark,53011041011,81,17098,352.09,275.17,451.04
Clark,53011041104,76,19322,460.99,357.05,593.03
Clark,53011041105,160,29815,463.95,393.09,545.48
Clark,53011041107,79,14086,436.41,341.69,554.1
Clark,53011041108,191,34974,342.93,286.25,411.82
Clark,53011041110,131,32422,377.71,313.36,453.34
Clark,53011041111,47,17122,451.83,314.8,675.08
Clark,53011041112,123,29131,380.78,315,458.44
Clark,53011041201,157,33478,365.75,308,433.87
Clark,53011041203,107,26092,359.34,292.52,439.42
Clark,53011041205,103,25631,330.1,264.82,410.72
Clark,53011041206,117,29954,326.23,266.87,397.42
Clark,53011041309,128,24627,369.26,305.51,447.1
Clark,53011041310,216,24905,328.29,273.65,401.18
Clark,53011041312,118,23097,423.06,347.99,513.55
Clark,53011041313,37,14281,381.94,262.27,549.7
Clark,53011041317,111,23060,467.41,382.57,567.55
Clark,53011041318,129,27884,456.18,374.77,554.04
Clark,53011041319,156,32312,432.32,362.35,514.37
Clark,53011041320,122,31283,456.14,372.78,558.03
Clark,53011041321,83,14164,437.71,344.85,558.05
Clark,53011041322,105,22642,402.94,326.36,495.24
Clark,53011041323,120,27923,337.63,277.98,409.19
Clark,53011041325,126,28108,380.41,313.98,461.9
Clark,53011041326,50,12845,456.28,326.76,635.03
Clark,53011041327,155,44308,423.57,354.43,505.96
Clark,53011041328,117,29586,380.94,314.42,458.28
Clark,53011041329,94,24021,289.5,228.93,367.91
Clark,53011041330,80,23762,391.84,301.01,506.65
Clark,53011041331,40,13645,358.98,249.52,508.8
Clark,53011041332,84,19078,414.28,325.57,525.11
Clark,53011041333,58,16950,336.52,249.04,452.7
Clark,53011041400,130,27912,412.49,342.87,493.68
Clark,53011041500,61,13859,377.87,287.6,491.49
Clark,53011041600,56,18809,289.67,217.51,382.98
Clark,53011041700,63,20416,411.32,304.24,556.92
Clark,53011041800,76,21092,348.51,272.01,445.47
Clark,53011041900,63,10485,419.84,317.05,568.68
Clark,53011042000,33,8253,344.28,233.22,505.69
Clark,53011042100,54,16246,361.89,265.03,491.7
Clark,53011042300,81,17718,332.11,261.13,423.79
Clark,53011042400,38,10511,305.2,203.23,608.24
Clark,53011042500,46,7403,553.85,395.34,785.33
Clark,53011042600,158,26993,425.23,357.65,510.13
Clark,53011042700,79,22493,292.28,228.67,372.26
Clark,53011042800,90,14483,397.79,315.24,504.48
Clark,53011042900,34,7967,291.36,190.95,450.88
Clark,53011043000,66,9028,446.19,337.16,613.86
Clark,53011043100,135,20705,372.5,307.16,455.34
Columbia,53013960200,139,20550,378.27,307.94,468.82
Cowlitz,53015000300,15,2600,347.72,178.53,800.28
Cowlitz,53015000400,136,18350,414.94,336.57,517.88
Cowlitz,53015000501,93,14282,534.62,427.7,665.25
Cowlitz,53015000502,105,24798,572.67,460.07,713.74
Cowlitz,53015000601,79,19643,318.48,247.19,411.64
Cowlitz,53015000602,104,15364,398.62,316.21,504.12
Cowlitz,53015000702,98,15723,452.61,364.23,562.02
Cowlitz,53015000703,63,8330,465.9,344.15,633.69
Cowlitz,53015000704,175,35918,391.17,332.93,458.79
Cowlitz,53015000800,241,34075,444.64,385.68,513.74
Cowlitz,53015000900,197,35849,435.92,375.34,505.37
Cowlitz,53015001000,21,6189,391.39,229.79,678.61
Cowlitz,53015001100,138,29504,424.66,355.12,505.78
Cowlitz,53015001200,137,22129,418.92,346.6,508.28
Cowlitz,53015001300,78,18332,457.39,357.8,579.91
Cowlitz,53015001501,78,16280,376.99,289.06,490.14
Cowlitz,53015001502,230,43504,450,391.21,516.32
Cowlitz,53015001600,161,34499,347.01,290.85,413.53
Cowlitz,53015001700,152,27226,406.08,338.2,488.37
Cowlitz,53015001800,41,9164,317.3,219.24,465.04
Cowlitz,53015001900,172,26487,455.96,384.72,543.23
Cowlitz,53015002001,102,18635,300.52,238.34,387.51
Cowlitz,53015002002,189,32308,423.67,361.51,497
Cowlitz,53015002100,125,22101,383.79,309.56,479.19
Douglas,53017950100,79,35667,217.51,168.87,278.51
Douglas,53017950200,45,11779,255.15,180.88,378.36
Douglas,53017950300,205,34282,426.84,368.47,494.28
Douglas,53017950400,255,35226,558.08,489.06,636.22
Douglas,53017950500,126,16908,643.76,531.6,777.13
Douglas,53017950600,167,22858,531.58,448.97,628.97
Douglas,53017950700,96,22365,423.24,341.82,520.95
Douglas,53017950800,169,27985,500.02,425.92,585.2
Ferry,53019940000,26,8742,206.29,131.24,328.91
Ferry,53019970100,50,13836,234.94,158.96,354.45
Ferry,53019970200,69,16182,230.69,173.8,320.54
Franklin,53021020100,103,54704,372.03,295.93,468.12
Franklin,53021020200,66,30246,328.03,248.49,429.56
Franklin,53021020300,74,28968,312.8,245.24,393.79
Franklin,53021020400,104,47353,316.23,257.26,385.91
Franklin,53021020501,136,25418,401.74,332.63,484.27
Franklin,53021020502,211,47936,391.34,338.75,450.95
Franklin,53021020601,188,56654,405.15,346.09,473.4
Franklin,53021020603,45,19988,520.69,351.04,786.27
Franklin,53021020605,153,46415,377.71,314.77,452.36
Franklin,53021020606,101,40130,358.4,286.38,447.82
Franklin,53021020700,20,7563,229.63,136.18,479.87
Franklin,53021020800,53,47995,147.08,108.59,196.72
Franklin,53021980100,NULL,0,NULL,NULL,NULL
Garfield,53023970300,49,11090,231.62,164.67,355.41
Grant,53025010100,64,19440,206.58,152.2,283.09
Grant,53025010200,88,15876,425.05,333.88,541.07
Grant,53025010300,76,21240,231.37,178.3,304.12
Grant,53025010400,203,42282,404.12,348.63,467.68
Grant,53025010500,78,15281,410.1,321.6,520.89
Grant,53025010600,91,37774,303.37,242.88,376.31
Grant,53025010700,78,16478,425.45,331.04,542.52
Grant,53025010800,65,23513,354.93,272.01,459.27
Grant,53025010901,35,7136,439.29,296.82,657.05
Grant,53025010902,206,51958,395.66,342.22,455.92
Grant,53025011000,305,62452,449.27,399.33,504.45
Grant,53025011100,179,38551,393.29,335.65,460.26
Grant,53025011200,147,28395,436.43,366.1,520.38
Grant,53025011300,46,20075,233.59,169.42,320.93
Grant,53025011401,50,9965,545.67,384.53,771.1
Grant,53025011402,90,69844,268.57,210.51,339.72
Grays Harbor,53027000200,463,41602,488.9,438.21,549.69
Grays Harbor,53027000300,128,16453,508.75,419.21,619.49
Grays Harbor,53027000400,257,34165,496.18,434.45,568.15
Grays Harbor,53027000500,232,34418,536.54,468.04,614.27
Grays Harbor,53027000600,140,18724,538.64,449.54,644.2
Grays Harbor,53027000700,163,22421,518.03,437.05,613.16
Grays Harbor,53027000800,177,19754,553.55,467.35,656.91
Grays Harbor,53027000900,177,31134,445.87,380.77,521.19
Grays Harbor,53027001000,109,17848,642.64,523.12,784.88
Grays Harbor,53027001100,156,21359,452.37,379.25,541.2
Grays Harbor,53027001200,118,22083,523.65,430.42,634.51
Grays Harbor,53027001300,111,17220,478.22,390.06,584.92
Grays Harbor,53027001400,80,10226,593.06,464.84,755.37
Grays Harbor,53027001500,149,19572,596.53,500.64,709.35
Grays Harbor,53027001600,274,33442,542.8,477,622.71
Grays Harbor,53027940000,22,6250,567.6,195.49,1575.85
Grays Harbor,53027990000,0,0,0,0,0
Island,53029970100,109,13669,558.06,449.16,696.14
Island,53029970200,NULL,10311,NULL,NULL,NULL
Island,53029970300,218,25433,532.14,458.21,620.05
Island,53029970400,149,31229,482.43,406.82,569.72
Island,53029970500,248,28497,591.04,513.23,680.49
Island,53029970601,102,16346,534.84,430.64,662.91
Island,53029970602,115,17229,486.39,390.85,608.7
Island,53029970700,72,10012,587.69,445.33,791.21
Island,53029970800,79,13819,464.17,364.14,592.32
Island,53029970900,27,24027,637.18,351.69,1097.97
Island,53029971000,261,25295,518.98,450.67,601.85
Island,53029971100,198,17477,557.94,467.92,675.45
Island,53029971300,276,23904,523.42,441.38,628.99
Island,53029971400,269,23668,574.72,495.06,674.18
Island,53029971500,219,18332,580.6,488.42,699.55
Island,53029971600,184,20187,516.78,439.56,611.1
Island,53029971700,242,21741,595.39,509.07,706.23
Island,53029971800,175,13512,496.25,414.03,627.86
Island,53029971900,245,20446,615.34,522.46,733.63
Island,53029972000,215,21219,505.95,428.24,606.91
Island,53029972100,139,18627,381.19,309.98,477.89
Island,53029992201,0,0,0,0,0
Jefferson,53031950202,112,9559,610.57,487.51,786.37
Jefferson,53031950300,452,32472,533.27,472.69,609.99
Jefferson,53031950400,205,20432,555.26,472.59,654.68
Jefferson,53031950500,424,34505,530.82,472.19,602.85
Jefferson,53031950601,421,32850,587.51,521.07,666.19
Jefferson,53031950602,191,15826,625.61,530.84,745.81
Jefferson,53031950702,96,11176,437.64,348.33,578.91
Jefferson,53031990000,0,0,0,0,0
King,53033000100,201,39104,560.28,482.4,649.8
King,53033000200,250,41432,496.53,435.69,566.55
King,53033000300,81,14000,599.47,461.01,780.63
King,53033000401,249,31646,563.1,490.09,650.76
King,53033000402,194,25771,520.57,438.28,621.38
King,53033000500,139,16583,533.77,440.62,657.04
King,53033000600,235,40375,525.83,458.83,602.68
King,53033000700,140,26132,627.86,524.27,751.73
King,53033000800,85,13397,507.26,402.06,639.77
King,53033000900,86,10794,521.21,408.8,665.34
King,53033001000,56,10189,567.48,421.76,753.77
King,53033001100,58,13249,393.76,295.85,524.59
King,53033001200,172,37444,452.2,382.52,535.01
King,53033001300,124,24595,595.03,490.14,723.72
King,53033001400,146,26219,532.73,446.91,633.2
King,53033001500,100,12914,572.03,458.68,725.33
King,53033001600,158,22207,522.7,441.38,621.39
King,53033001701,103,20637,638.91,510.57,797.2
King,53033001702,146,24907,577.57,485.16,687.5
King,53033001800,81,24912,551.09,422.92,716.29
King,53033001900,135,22020,660.41,550.05,792.01
King,53033002000,117,18141,619.09,507.95,756.51
King,53033002100,133,19947,605.39,504.45,726
King,53033002200,189,28665,455.84,389.15,536.43
King,53033002400,109,15453,657.24,536.14,805.15
King,53033002500,87,14500,578.36,457.07,729.2
King,53033002600,128,25284,690.88,559.51,852.04
King,53033002700,157,28119,591.94,498.16,703.85
King,53033002800,95,23626,505.04,394.95,648.97
King,53033002900,128,22285,688.21,562.97,837.65
King,53033003000,182,30319,737.82,621.67,874.08
King,53033003100,187,32394,530.38,453.27,622.61
King,53033003200,326,45055,631.93,562.23,713.27
King,53033003300,121,36152,409.48,333.06,503.72
King,53033003400,95,17629,648.67,510.44,825.71
King,53033003500,144,20630,658.78,546.13,796.58
King,53033003600,184,36441,601.15,510.96,712.53
King,53033003800,72,11578,598.61,461.67,771.79
King,53033003900,82,14515,471.73,369.56,602.71
King,53033004000,95,15152,543.11,435.45,675.59
King,53033004100,265,40392,580.15,510.61,658.24
King,53033004200,228,39785,539.3,468.8,620.08
King,53033004301,84,18812,555.82,435.38,704.32
King,53033004302,55,20191,512.7,368.9,947.76
King,53033004400,95,36113,495.33,391.35,624.33
King,53033004500,45,14145,655.61,446.47,944.82
King,53033004600,105,17148,688.43,544.62,877.62
King,53033004700,240,52281,485.79,422.26,568.83
King,53033004800,122,25010,611.25,494.99,755.34
King,53033004900,128,34014,480.87,389.55,601.02
King,53033005000,96,21234,574.19,438.09,750.46
King,53033005100,105,19331,676.67,533.11,857.34
King,53033005200,90,36866,534.05,420.94,686.22
King,53033005301,35,48692,212.5,141.71,448.09
King,53033005302,NULL,38009,NULL,NULL,NULL
King,53033005400,113,34114,607.58,471.73,787.55
King,53033005600,284,33842,610.11,534.31,700.78
King,53033005700,270,31885,659.23,580.1,751.94
King,53033005801,137,26263,529.5,442.09,636.69
King,53033005802,139,31507,450.82,376.09,546.09
King,53033005900,197,36118,737.14,630.39,861.23
King,53033006000,148,28978,535.8,448.38,644.27
King,53033006100,159,27120,614.17,514.7,747.65
King,53033006200,153,20470,626.35,524.22,747.92
King,53033006300,278,26471,636.18,557.23,730.14
King,53033006400,115,16963,716.09,581.53,877.99
King,53033006500,112,23219,583.82,471.06,722.74
King,53033006600,94,22760,576.34,436.81,815.97
King,53033006700,162,45832,480.75,398.16,594.78
King,53033006800,98,17027,561.55,450.87,706.28
King,53033006900,121,22191,554.31,449.73,682.04
King,53033007000,239,38441,559.8,487.68,661.52
King,53033007100,78,27995,369.43,276.85,754.67
King,53033007200,146,55489,455.23,361.6,601.47
King,53033007300,223,49604,507.16,438.5,645.01
King,53033007401,118,27352,641.37,511.36,1041.56
King,53033007402,89,28277,619.48,449.61,919.01
King,53033007500,162,48935,556.33,460.31,694.53
King,53033007600,86,20852,492.72,387.26,633.26
King,53033007700,120,25031,527.97,431.89,646.92
King,53033007800,206,27167,623.21,536.87,725.78
King,53033007900,146,31609,535.17,446.01,649.78
King,53033008001,182,35712,524.8,441.15,753.23
King,53033008002,152,20360,653.74,538.78,1029.3
King,53033008100,200,25667,609.84,518.42,853.48
King,53033008200,131,24369,400.21,317.86,646.36
King,53033008300,108,14764,694.51,434.49,1328.93
King,53033008400,119,32493,436.04,356.16,566.51
King,53033008500,139,23623,543.72,455.27,663.47
King,53033008600,68,33158,470.18,343.68,644.31
King,53033008700,80,21765,403.69,316.83,512.1
King,53033008800,108,18790,660.66,533.09,817.08
King,53033008900,135,27224,492.02,410.69,588.08
King,53033009000,121,17415,519.12,419.84,645.58
King,53033009100,78,14212,308.7,233.94,419.89
King,53033009200,174,16173,734.04,626.33,950.55
King,53033009300,83,16906,429.33,338.52,556.3
King,53033009400,137,32042,407.03,341.06,485.13
King,53033009500,194,32375,513.6,441.16,597.6
King,53033009600,232,28238,528.61,460.07,613.01
King,53033009701,227,28655,614.27,532.8,710.67
King,53033009702,187,27544,605.8,520.07,709.43
King,53033009800,186,34234,536.18,458.02,627.46
King,53033009900,142,29913,549.09,451.31,669.73
King,53033010001,87,21312,339.26,269.91,424.05
King,53033010002,112,23458,430.23,353.44,525.24
King,53033010100,208,39524,473.3,409.24,545.79
King,53033010200,172,25434,535.88,455.61,631.6
King,53033010300,164,35509,446.02,377.52,526.15
King,53033010401,102,23459,348.11,281.78,428.64
King,53033010402,133,25041,453.4,377.35,543.07
King,53033010500,253,44808,466.58,407.63,537.66
King,53033010600,268,39097,590.73,518.91,674.3
King,53033010701,65,19511,489.97,360.48,671.79
King,53033010702,102,20558,758.27,613.13,930.34
King,53033010800,103,24528,480.4,385.24,598.87
King,53033010900,39,7174,580.25,392.91,864.32
King,53033011001,106,24094,405.97,330.55,495.67
King,53033011002,106,23284,443.51,358.59,547.47
King,53033011101,129,30461,361.21,299.98,436.16
King,53033011102,149,24153,524.19,440.01,622
King,53033011200,80,20736,532.96,415.8,679.08
King,53033011300,151,31600,508.26,427.77,601.94
King,53033011401,76,21611,518.32,392.58,679.15
King,53033011402,130,22308,579.11,480.78,694.17
King,53033011500,123,22032,544.98,449.29,661.12
King,53033011600,269,34038,592.71,520.91,679.13
King,53033011700,160,29183,500.94,424.9,587.96
King,53033011800,191,40038,473.82,406.45,550.74
King,53033011900,207,37484,473.27,409.05,545.9
King,53033012000,110,17537,595.16,484.4,730.17
King,53033012100,119,14105,519.75,426.33,641.84
King,53033020100,167,16191,601.59,505.08,736.63
King,53033020200,239,28490,530.97,460.49,615.78
King,53033020300,228,36059,527.73,458.88,606.55
King,53033020401,109,17759,603.59,487.64,744.23
King,53033020402,172,27675,565.14,479.68,664.16
King,53033020500,200,33777,520.94,449.31,602.96
King,53033020600,101,18618,471.1,381.51,579.13
King,53033020700,114,18917,531.57,437,644.36
King,53033020800,185,22021,562.15,476.41,666.78
King,53033020900,138,16713,590.5,491.35,712.75
King,53033021000,174,28478,470.84,400.71,552.43
King,53033021100,145,21145,613.18,514.86,727.86
King,53033021300,124,19388,512.55,423.1,619.64
King,53033021400,127,18827,522.19,431.63,634.13
King,53033021500,184,22353,583.34,493.17,694.81
King,53033021600,186,25354,588.22,503.65,686.18
King,53033021700,236,42951,631.37,550.53,722.22
King,53033021802,138,29379,592.24,490.8,711.62
King,53033021803,152,25717,511.09,430.26,604.68
King,53033021804,149,28265,476.89,400.62,565.69
King,53033021903,196,29948,594.79,511.9,689.29
King,53033021904,134,27385,517.28,428.47,622.94
King,53033021905,154,26893,565.42,477.22,666.92
King,53033021906,98,21068,532.92,421.54,670.35
King,53033022001,185,25828,521.85,440.66,616.64
King,53033022003,124,26185,532.69,428.97,661.6
King,53033022005,118,24470,527.85,433.23,641.2
King,53033022006,91,19428,405.42,324.13,508.91
King,53033022101,207,24934,633.97,547.85,734.68
King,53033022102,179,32712,609.87,517.63,716.77
King,53033022201,138,22196,620.23,513.63,746.91
King,53033022202,219,37141,666,574.27,771.06
King,53033022203,152,26627,618.58,506.06,757.46
King,53033022300,130,14808,634.43,522.44,772.02
King,53033022400,287,40907,665.25,587.03,753.01
King,53033022500,283,38742,626.81,553.98,710.78
King,53033022603,139,29706,510.99,426.88,608.8
King,53033022604,131,22917,603.84,500.92,725.69
King,53033022605,106,28791,528.79,420.09,667.96
King,53033022606,190,28282,593.81,509.94,690.84
King,53033022701,132,15131,620.01,514.23,768.77
King,53033022702,123,20273,568.69,469.13,685.58
King,53033022703,82,12317,604.37,475.12,765.02
King,53033022801,177,43260,579.01,490.67,682.07
King,53033022802,119,24705,580.27,470.87,712.92
King,53033022803,81,29026,361.86,282.79,459.96
King,53033022901,90,14803,487.83,389.44,611.77
King,53033022902,194,33048,544.49,467.23,635.2
King,53033023000,157,29108,443.15,374.29,524.13
King,53033023100,143,20011,535.8,449.45,641.51
King,53033023201,158,35322,486.57,408.22,579.89
King,53033023202,114,22776,418.18,340.87,512.2
King,53033023300,191,32661,470.31,404.81,545.15
King,53033023401,97,19264,462.04,372.94,569.51
King,53033023403,163,20622,584.89,495.51,691.13
King,53033023404,114,17300,685.06,550.44,850.69
King,53033023500,133,19553,561.98,468.5,672.53
King,53033023601,152,20501,555.74,468.33,660.05
King,53033023603,126,32022,505.08,418.73,605.59
King,53033023604,169,32355,519.02,442.48,606.77
King,53033023700,142,21599,589.28,488.82,708.49
King,53033023801,69,15289,471.08,364.17,603.78
King,53033023803,159,29228,412.43,340.72,509.31
King,53033023804,193,27465,705.93,604.99,841.49
King,53033023900,260,36462,532.15,467.42,607.01
King,53033024000,281,40035,534.5,472.66,605.08
King,53033024100,187,22480,591.72,501.93,709.66
King,53033024200,99,15872,436.36,350.81,571.21
King,53033024300,345,40371,545.93,483.58,619.64
King,53033024400,114,15579,514.71,414.36,637.73
King,53033024500,205,23313,632.58,539.98,748.34
King,53033024601,175,22342,541.76,453.11,670.86
King,53033024602,125,18485,515.38,422.38,649.96
King,53033024701,100,18835,432.57,350.8,532.29
King,53033024702,252,38300,528.26,463.16,602.06
King,53033024800,149,30733,497.35,420,586.39
King,53033024901,178,25970,534.51,449,642.71
King,53033024902,140,19974,654.69,542.98,787.32
King,53033024903,225,35797,627.23,534.6,736.35
King,53033025001,161,25548,500.03,423.14,591.56
King,53033025003,203,35636,653.29,552.35,774.35
King,53033025005,123,26102,611.78,498.57,749.44
King,53033025006,195,31141,583.3,502.94,677.73
King,53033025101,139,30864,591.76,482.84,724.99
King,53033025102,180,42725,561.19,474.78,661.85
King,53033025200,223,42838,521.45,453.5,598.11
King,53033025301,185,33907,520.5,446.03,607.66
King,53033025302,172,25358,500.09,422.76,594.63
King,53033025400,145,38260,440.68,369.6,523.84
King,53033025500,114,25451,480.26,394.61,580.74
King,53033025601,177,26882,639.36,547.41,744.78
King,53033025602,177,31841,616.32,516.43,734.53
King,53033025701,156,30668,452.33,382.48,533.87
King,53033025702,115,18110,576.96,466.94,710.52
King,53033025803,100,24933,558.85,448.36,694.57
King,53033025804,100,19204,567.2,447.03,718.76
King,53033025805,101,25270,473.21,379.6,586.46
King,53033025806,137,26471,530.75,442.56,634.83
King,53033026001,172,28764,458.63,390.47,537.67
King,53033026002,189,41297,511.54,439.03,593.76
King,53033026100,187,37357,495.03,424.89,574.52
King,53033026200,158,25688,648.73,546.08,768.59
King,53033026300,52,8752,644.56,466.12,881.71
King,53033026400,143,30095,547.78,457.33,653.81
King,53033026500,100,20557,468.99,377.39,579.01
King,53033026600,57,12530,593.91,425.53,825.37
King,53033026700,162,28635,491.71,417.23,577.95
King,53033026801,113,29590,484.18,389.47,601.94
King,53033026802,126,29871,449.6,371.51,542.32
King,53033027000,106,17998,671.45,541.11,829.42
King,53033027100,102,18156,572.7,464.98,700.33
King,53033027200,60,13262,634.74,468.79,849.05
King,53033027300,111,32861,428.77,349.13,523.36
King,53033027400,169,28334,617.88,524.58,725.49
King,53033027500,139,25161,457.17,382.34,545.21
King,53033027600,139,24507,585.41,489.52,696.89
King,53033027701,265,29055,595.46,521.06,684.7
King,53033027702,263,25485,583.5,507.24,680.28
King,53033027800,159,16965,544.25,456.02,658.08
King,53033027900,252,34696,596.29,522.45,679.63
King,53033028000,86,17822,547.47,431.22,699.21
King,53033028100,50,12740,506.6,372.26,685.81
King,53033028200,102,24562,518.28,407.31,665.59
King,53033028300,121,25679,465.17,383.66,560.55
King,53033028402,106,26504,499.79,404.03,616.88
King,53033028403,153,27728,444.47,373.93,527.79
King,53033028500,130,21034,575.44,477.59,690.66
King,53033028600,276,32164,513.19,450.37,587.75
King,53033028700,166,26245,545.67,463.68,640.2
King,53033028801,102,15035,645.89,515.54,804.24
King,53033028802,147,32636,511.03,427.38,609.18
King,53033028901,155,17468,587.18,494.65,699.8
King,53033028902,118,32202,458.17,376.11,555.73
King,53033029001,229,22421,616.74,530.34,718.07
King,53033029003,150,29001,608.74,510.73,724.77
King,53033029004,75,19250,642.03,483.4,857.96
King,53033029101,95,16008,758.86,597.86,962.68
King,53033029102,132,22283,585.12,483.05,706.74
King,53033029203,76,19889,452.75,353.37,576.35
King,53033029204,165,35034,609.79,513.39,724.7
King,53033029205,134,23841,774.24,620.58,966.44
King,53033029206,102,20361,552.47,448.32,675.77
King,53033029303,203,40903,438.83,379.67,506.05
King,53033029304,138,26741,611.95,497.52,752.58
King,53033029305,119,21782,521.45,427.2,635.2
King,53033029306,112,19529,478.28,391.84,582.09
King,53033029307,112,20356,670.61,529.71,847.5
King,53033029403,159,29133,560.08,472.81,661.45
King,53033029405,152,30352,615.63,506.08,750.64
King,53033029406,128,25721,583.69,477.39,711.65
King,53033029407,115,25442,543.23,441.85,667.03
King,53033029408,96,22409,603.53,471.04,774.91
King,53033029502,157,36129,512.65,427.74,614.13
King,53033029503,143,40846,568.12,466.78,692.88
King,53033029504,125,28501,534.39,440.7,646.19
King,53033029601,159,37040,590.84,491.3,711.86
King,53033029602,165,33627,591.27,496.49,705.29
King,53033029700,228,39366,450.49,392.44,516.36
King,53033029801,190,40719,523.96,443.98,619.83
King,53033029802,268,48184,587.63,511.46,674.77
King,53033029901,132,24961,636.47,519.55,778.22
King,53033029902,155,24894,638.61,527.36,772.8
King,53033030003,215,31257,602.32,520.18,695.51
King,53033030004,126,42065,574.41,451.88,732.88
King,53033030005,114,28877,510.8,414.98,628.64
King,53033030006,135,19748,636.46,530.69,760.06
King,53033030100,303,38085,594.63,523.52,674.74
King,53033030201,127,27721,620.65,505.73,761.12
King,53033030202,205,34963,538.7,466.14,620.6
King,53033030304,86,18574,518.8,396.06,680.81
King,53033030305,140,25473,428.66,356.82,513.65
King,53033030306,177,29326,595.2,504.2,700.79
King,53033030308,149,32405,637.68,525.08,775.13
King,53033030309,102,29742,393.62,316.19,489.17
King,53033030310,153,31320,560.69,471.92,663.97
King,53033030311,142,25959,620.65,517.77,742.34
King,53033030312,103,24678,500.45,394.3,635.73
King,53033030313,135,20474,477.62,392.3,580.59
King,53033030314,180,22671,590.17,504.39,692.93
King,53033030401,223,45478,567.36,489.07,657.83
King,53033030403,181,23584,621.62,531.6,726.69
King,53033030404,149,24056,579.74,484.86,691.82
King,53033030501,97,10143,608.52,485.04,769.06
King,53033030503,112,25580,375.93,307.25,458.75
King,53033030504,103,23532,385.2,312.45,472.66
King,53033030600,160,27207,579.44,490.97,680.84
King,53033030700,96,19774,486.54,392.34,599.96
King,53033030801,175,34643,665.82,564.63,783.66
King,53033030802,177,20128,967.83,827.12,1127.99
King,53033030901,86,18726,601.52,467.45,780.75
King,53033030902,138,29687,562.4,465.77,677.95
King,53033031000,91,21632,441.81,345.32,573.84
King,53033031100,207,35148,553.84,477.94,639.93
King,53033031202,232,33802,607.65,523.99,704.14
King,53033031204,233,32029,633.79,542.73,739.81
King,53033031205,174,38557,845.57,699.08,1019.96
King,53033031206,118,25670,501.55,413.1,605.01
King,53033031301,85,13210,502.12,395.53,636.87
King,53033031302,154,22509,596.13,504.84,701.89
King,53033031400,216,29350,596.82,517.85,686.99
King,53033031501,142,19862,836.94,673.9,1037.16
King,53033031502,156,21448,561.04,472.46,665.83
King,53033031601,186,28045,731.24,611.31,875.17
King,53033031603,137,30100,602.72,492.8,737.72
King,53033031604,109,27022,713.45,541.39,956.14
King,53033031605,115,19249,590.87,477.56,729.42
King,53033031703,262,36211,549.46,482.29,625.93
King,53033031704,133,29683,560.83,464.4,675.19
King,53033031705,103,20301,574.01,457.36,725.32
King,53033031706,174,36094,617.66,524.14,726.31
King,53033031800,179,25213,607.21,512.91,718.52
King,53033031903,220,36350,567.57,489.18,657.64
King,53033031904,114,17596,657,517.01,837.89
King,53033031906,122,19863,656.47,527.13,817.43
King,53033031907,223,39151,563.63,483.98,656.9
King,53033031908,104,22243,513.84,415.99,630.9
King,53033031909,105,15457,767.44,601.3,986.92
King,53033032002,123,15526,639.26,519.3,787.27
King,53033032003,192,25459,646.41,548.13,767.61
King,53033032005,173,34634,784.96,649.87,946.54
King,53033032006,198,25416,713.57,610.35,832.21
King,53033032007,120,18513,760.53,614.5,941.34
King,53033032008,118,21718,612.48,493.39,760.82
King,53033032010,157,29167,656.03,554.33,774.76
King,53033032011,97,22376,722.6,556.69,934.37
King,53033032102,192,24271,585.94,497.31,694.33
King,53033032103,191,24124,684.71,587.92,797.23
King,53033032104,201,31365,527.25,455.09,609.79
King,53033032203,220,39361,624.3,533.04,731.47
King,53033032207,108,18302,569.92,460.02,707.31
King,53033032208,349,44629,502.55,446.04,567.58
King,53033032210,245,69824,626.05,528.1,744.5
King,53033032211,116,24458,636.5,511.49,805.97
King,53033032212,150,41174,579.02,469.33,716.3
King,53033032213,125,23547,740.3,589.5,926.45
King,53033032214,124,34169,650.4,506.28,850.96
King,53033032215,73,27079,569.68,375.47,869.15
King,53033032307,201,33514,621.49,523.3,738.56
King,53033032309,148,41947,422.38,351.64,508.69
King,53033032311,173,30868,640.78,528.05,777.12
King,53033032313,125,29075,639.34,524.56,776.47
King,53033032315,174,28193,670.61,551.39,822.03
King,53033032316,156,28616,620.51,510.07,759.35
King,53033032317,146,31333,613.2,503.36,745.59
King,53033032318,120,31182,551,431.87,705.22
King,53033032319,193,25196,591.08,503.34,693.33
King,53033032320,129,22502,520.55,425.4,637.83
King,53033032321,138,32718,522.83,422.51,647.38
King,53033032322,108,17479,713.71,540.25,955.46
King,53033032323,183,30635,552.52,468.83,649.88
King,53033032324,121,27349,516.94,423.03,628.99
King,53033032325,106,30421,575.7,446.45,746.49
King,53033032326,146,19413,665.33,552.37,803.39
King,53033032327,361,22892,827.99,710.69,996.63
King,53033032328,104,16961,747.64,579.04,962.85
King,53033032329,187,43000,711.79,601.06,840.26
King,53033032401,175,31839,715.22,595.4,860.49
King,53033032402,157,33700,670.83,534.19,845.43
King,53033032500,167,28698,646.51,540.1,771.6
King,53033032601,104,14691,619.6,502.59,763.23
King,53033032602,320,68978,832.49,720.12,963.75
King,53033032702,135,34467,518.3,415.17,647.57
King,53033032703,56,9859,635.58,470.68,849.64
King,53033032704,219,34514,594.91,515.44,685.76
King,53033032800,106,15020,627.57,498.31,793.2
King,53033990100,0,0,0,0,0
Kitsap,53035080101,111,13678,457.32,359.94,586.48
Kitsap,53035080102,143,23913,518.24,432.18,621.3
Kitsap,53035080200,113,17731,424.02,342.59,525.27
Kitsap,53035080300,131,16477,579.42,474.74,709.96
Kitsap,53035080400,140,16790,525.66,434.09,639.84
Kitsap,53035080500,85,15425,600,467.78,765.98
Kitsap,53035080600,139,25077,506.25,423.21,605.07
Kitsap,53035080700,144,16750,502.43,413.47,614.94
Kitsap,53035080800,NULL,10001,NULL,NULL,NULL
Kitsap,53035080900,124,22379,399.31,328.82,485.56
Kitsap,53035081000,119,21460,471.29,386.09,575.33
Kitsap,53035081100,66,14424,416.45,319.22,542.94
Kitsap,53035081200,79,15153,519.1,404.61,661.66
Kitsap,53035081400,0,22720,0,0,0
Kitsap,53035090101,265,29340,546.33,476.34,628.46
Kitsap,53035090102,313,31326,633.89,557.82,721.9
Kitsap,53035090201,161,25510,394.59,332.26,471.67
Kitsap,53035090202,204,26942,560.06,481.03,652.42
Kitsap,53035090300,12,31965,310.31,74.11,1503.42
Kitsap,53035090400,181,23685,520.94,442.44,613.9
Kitsap,53035090501,176,20682,464.48,381.97,569.75
Kitsap,53035090502,190,25103,537.85,457.88,631.75
Kitsap,53035090700,211,26422,472.1,406.45,563.36
Kitsap,53035090800,195,21517,601.42,500.63,733.37
Kitsap,53035090900,383,37446,564.66,501.76,639.73
Kitsap,53035091000,304,34554,636,549.76,739.99
Kitsap,53035091100,193,25349,477.1,405.29,564.1
Kitsap,53035091201,145,20427,461.77,385.19,554.62
Kitsap,53035091203,178,36870,487.88,417.61,568.63
Kitsap,53035091204,126,16210,478.18,387.66,593.69
Kitsap,53035091301,187,22399,588.78,500.25,694.51
Kitsap,53035091302,226,29593,500.74,431.31,583.87
Kitsap,53035091400,140,16620,515.8,425.02,631.8
Kitsap,53035091500,123,20849,462.36,380.04,560.67
Kitsap,53035091600,179,32783,411.51,350.32,483.77
Kitsap,53035091700,249,40844,484.2,421.51,555.49
Kitsap,53035091800,119,14928,515.28,419.08,635.67
Kitsap,53035091900,138,21284,482.21,400.22,580.9
Kitsap,53035092000,209,29393,492.77,421.68,576.47
Kitsap,53035092100,297,43342,500.22,440.7,567.55
Kitsap,53035092200,168,34244,414.12,350.99,488.07
Kitsap,53035092300,219,31318,511.39,442.63,591.02
Kitsap,53035092400,182,31070,432.72,368.51,507.93
Kitsap,53035092500,223,28529,471.51,407.62,546.77
Kitsap,53035092600,227,31732,502.18,433.95,580.73
Kitsap,53035092701,171,23717,533.85,450.86,631.3
Kitsap,53035092704,154,16747,571.35,476.33,690.24
Kitsap,53035092801,141,22277,478.1,397.62,574.48
Kitsap,53035092802,138,22824,452.22,371.57,550.05
Kitsap,53035092803,104,14822,472.29,374.8,596.7
Kitsap,53035092901,194,28948,487.92,414.29,574.31
Kitsap,53035092902,213,27839,620.15,533.46,719.29
Kitsap,53035940000,133,18409,573.56,474.09,691.22
Kitsap,53035940100,290,32475,592.03,519.41,675.28
Kitsap,53035990100,0,0,0,0,0
Kittitas,53037975100,204,37262,335.37,287.81,393.8
Kittitas,53037975200,185,29137,406.83,341.07,490.23
Kittitas,53037975300,135,23323,399.72,331.15,484.2
Kittitas,53037975401,65,38716,360.87,275.22,470.39
Kittitas,53037975402,161,26086,390.9,326.85,469.24
Kittitas,53037975500,81,31355,342.77,269.64,432.37
Kittitas,53037975600,25,14270,200.7,125.29,321.37
Kittitas,53037975700,90,23132,292.6,232.07,369.32
Klickitat,53039950100,263,44033,321.24,279.7,371.01
Klickitat,53039950200,72,22129,183.99,138.56,249.86
Klickitat,53039950300,122,42178,198.81,162.97,242.23
Lewis,53041970100,99,17578,418.31,335.57,522.37
Lewis,53041970200,164,16990,436.21,357.09,539.2
Lewis,53041970300,155,25162,394.34,331.03,471.43
Lewis,53041970400,166,29240,489.81,416.29,574.68
Lewis,53041970500,55,10766,450.08,336.68,596.78
Lewis,53041970600,40,10027,365.27,258.21,508.78
Lewis,53041970700,85,20451,434.43,345.1,542.46
Lewis,53041970800,99,21041,371.71,300.04,459.32
Lewis,53041970900,40,9127,478.61,339.06,662.74
Lewis,53041971000,82,14874,441.91,346.32,561.97
Lewis,53041971100,125,19711,454.13,371.78,553.71
Lewis,53041971200,111,17240,419.76,339.87,519.92
Lewis,53041971300,148,29185,353.95,296.78,421.72
Lewis,53041971400,63,13895,339.44,256.39,446.9
Lewis,53041971500,188,36414,367.52,313.32,430.84
Lewis,53041971600,116,20070,365.47,298.47,450.12
Lewis,53041971700,145,24580,357.42,296.42,434.04
Lewis,53041971800,122,22219,304.54,248.43,376.32
Lewis,53041971900,70,14808,274.76,209.98,367.9
Lewis,53041972000,85,15472,273.94,207.97,373.94
Lincoln,53043960100,28,8563,241,156.86,371.61
Lincoln,53043960200,66,16687,218.27,164.98,296.19
Lincoln,53043960300,71,13792,308.72,227.02,426.07
Lincoln,53043960400,56,14788,236.24,169.79,334.69
Mason,53045940000,16,3695,398.77,212.26,721.39
Mason,53045960100,51,4019,855.6,379.44,2058.71
Mason,53045960200,308,29809,535.24,467.94,614.76
Mason,53045960300,256,32494,581.95,509.6,664.55
Mason,53045960400,401,46858,507.53,454.66,567.49
Mason,53045960500,293,25943,569.17,498.6,653.83
Mason,53045960600,133,27767,486.55,406.56,580.01
Mason,53045960700,63,8948,675.7,515.34,882.68
Mason,53045960800,165,21156,563.7,472.78,673.35
Mason,53045960900,130,24423,534.76,445.72,639.19
Mason,53045961000,235,24861,586.24,509.03,676.45
Mason,53045961100,333,30539,588.64,518.15,670.53
Mason,53045961200,169,19535,477.38,402.11,569.49
Mason,53045961300,124,16663,476.47,391.17,581.76
Okanogan,53047940100,33,14332,179.75,120.23,266.55
Okanogan,53047940200,38,15593,228.62,157.43,330.87
Okanogan,53047970300,227,37801,368.26,315.51,431.33
Okanogan,53047970400,92,18930,306.16,242.69,388.96
Okanogan,53047970500,64,11843,289.54,214.87,397.69
Okanogan,53047970600,145,33967,282.33,234.63,340.24
Okanogan,53047970700,72,21420,243.78,188.25,314.71
Okanogan,53047970800,40,24940,140.93,99.87,196.15
Okanogan,53047970900,55,13006,253.92,181.24,370.5
Okanogan,53047971000,83,19087,241.19,184.86,321.59
Pacific,53049950200,161,21249,515.26,432.49,615.58
Pacific,53049950300,99,18111,304.35,243.97,385.14
Pacific,53049950400,89,19856,251.31,196.78,324.9
Pacific,53049950500,52,12588,205,144.51,301.02
Pacific,53049950600,33,6502,297.53,191.44,486.68
Pacific,53049950700,98,15544,294.04,226.38,416.64
Pacific,53049950800,89,12850,270.47,196.92,404.77
Pacific,53049990100,0,0,0,0,0
Pend Oreille,53051970100,43,10788,204.95,143.18,309.44
Pend Oreille,53051970200,69,13787,290.95,218.48,397.49
Pend Oreille,53051970300,58,16782,232.69,171.43,316.35
Pend Oreille,53051970400,65,13823,304.96,225.76,418.17
Pend Oreille,53051970500,64,12000,310.34,228.49,424.78
Pierce,53053060200,51,10822,1235.99,769.42,2242.67
Pierce,53053060300,215,25062,562.87,483.25,656.47
Pierce,53053060400,134,19813,524.79,433.89,636.21
Pierce,53053060500,139,19940,570.83,471.33,690.21
Pierce,53053060600,146,27030,461.83,386.05,551.72
Pierce,53053060700,144,33133,576.21,477.66,694.98
Pierce,53053060800,188,26255,596.63,511.05,696.29
Pierce,53053060903,150,15980,549.39,454.39,667.06
Pierce,53053060904,146,25559,481.16,403.93,572.33
Pierce,53053060905,261,32417,447.31,386.67,519.35
Pierce,53053060906,84,10458,506.11,391.78,660.44
Pierce,53053061001,186,19612,523.3,442.2,623.02
Pierce,53053061002,134,21713,422.98,350.28,512.82
Pierce,53053061100,247,31735,545.95,475.78,626.64
Pierce,53053061200,125,25323,479.59,396.67,576.7
Pierce,53053061300,111,24299,492.07,401.46,600.96
Pierce,53053061400,106,22140,666.41,516.45,873.8
Pierce,53053061500,150,25487,489.28,410.33,606.61
Pierce,53053061601,74,9651,468.1,363.59,672.76
Pierce,53053061602,27,5010,763.05,333.28,1814.59
Pierce,53053061700,122,26012,506.9,418.38,612.02
Pierce,53053061800,65,14705,479.61,366.45,623.09
Pierce,53053061900,58,9962,515.72,385.72,682.74
Pierce,53053062000,114,21434,511.53,416.55,626.75
Pierce,53053062300,131,28377,507.69,421.7,608.35
Pierce,53053062400,151,27937,491.67,414.49,580.96
Pierce,53053062500,182,35983,503.7,428.92,589.67
Pierce,53053062600,108,19104,744.26,602.77,912.83
Pierce,53053062801,155,32208,615.73,517.14,733.43
Pierce,53053062802,124,21291,583.38,482.32,702.12
Pierce,53053062900,187,38389,574.98,491.73,671.25
Pierce,53053063000,105,15137,716.5,584.64,870.72
Pierce,53053063100,125,22065,454.73,375.73,548.82
Pierce,53053063200,155,24668,541.08,457.49,637.43
Pierce,53053063300,201,41124,481.6,415.44,556.2
Pierce,53053063400,239,40040,529.13,462.36,604.42
Pierce,53053063501,114,21151,445.16,364.83,541.61
Pierce,53053063502,127,26522,479.19,394.54,579.8
Pierce,53053070100,109,17897,572.97,456.13,724.9
Pierce,53053070203,224,41077,699.91,598.63,817.5
Pierce,53053070204,104,18209,562.56,453.65,694.52
Pierce,53053070205,125,17897,628.06,514.8,771.34
Pierce,53053070206,122,22392,496.87,406.36,605.68
Pierce,53053070207,146,26359,451.09,377.51,536.78
Pierce,53053070307,174,26306,650.08,544.47,777.9
Pierce,53053070308,118,22050,630.81,505.91,787.8
Pierce,53053070309,171,30808,513.83,437.33,602.77
Pierce,53053070310,117,26619,586.42,469.63,731.5
Pierce,53053070311,118,24135,649.15,517.81,814.11
Pierce,53053070312,151,32378,643.83,531.32,778.94
Pierce,53053070313,187,31195,573.09,480.71,682.73
Pierce,53053070314,102,16280,534.7,427.91,668.86
Pierce,53053070315,140,30300,512.48,425.01,615.39
Pierce,53053070316,113,31328,445.74,362.15,548.74
Pierce,53053070401,101,10376,765.9,613.88,953.22
Pierce,53053070403,102,20265,397.84,322.09,490.11
Pierce,53053070404,124,26277,609.09,491.94,755.07
Pierce,53053070703,208,30674,595.55,514.47,688.12
Pierce,53053071100,102,12410,527.05,426.38,653.79
Pierce,53053071205,207,24246,579,497.97,675.31
Pierce,53053071206,163,34224,453.54,383.78,533.86
Pierce,53053071207,175,31742,569.67,487.45,662.96
Pierce,53053071208,248,39830,492.11,429.83,562.27
Pierce,53053071209,125,21505,627.43,504.19,779.13
Pierce,53053071210,164,27398,549.92,458.23,659.02
Pierce,53053071304,153,31455,538.67,454.54,635.02
Pierce,53053071305,143,19341,533.32,445.71,638.56
Pierce,53053071306,199,31762,526.6,452.23,611.71
Pierce,53053071307,125,24760,492.7,407.61,592.01
Pierce,53053071309,127,22411,680.39,560.99,825.88
Pierce,53053071310,126,30392,441.96,364.24,535.26
Pierce,53053071403,139,20482,536.04,446.73,641.95
Pierce,53053071406,185,40771,529.22,447.41,626.97
Pierce,53053071407,150,35418,504.93,416.39,613.04
Pierce,53053071408,124,20490,527.48,434.48,638.67
Pierce,53053071409,101,22617,517.88,408.92,659.16
Pierce,53053071410,217,38811,559.04,484.62,643.21
Pierce,53053071411,95,30947,424.65,332.75,547.82
Pierce,53053071503,183,26380,546.51,465.16,641.44
Pierce,53053071504,97,26841,492.65,395.99,609.23
Pierce,53053071505,164,26891,491.93,415.8,581.05
Pierce,53053071506,219,28475,611.17,528.45,705.79
Pierce,53053071601,127,25822,461.23,382.45,553.85
Pierce,53053071602,181,38633,576.36,491.62,674.69
Pierce,53053071703,86,19342,549.93,434.03,694.1
Pierce,53053071704,71,22231,498.78,379.45,655.11
Pierce,53053071705,113,19238,611.03,500.17,742.29
Pierce,53053071706,57,9745,766.43,564.89,1057.12
Pierce,53053071707,75,14538,584.22,453.32,746.78
Pierce,53053071803,153,28493,562.38,475,662.8
Pierce,53053071805,79,18225,415.69,327.95,522.77
Pierce,53053071806,65,21273,550.84,398.77,803.06
Pierce,53053071807,62,17900,372.36,283.91,482.89
Pierce,53053071808,110,19588,514.29,419.42,628.74
Pierce,53053071901,173,23793,431.4,364.13,513.27
Pierce,53053071902,234,26099,563.27,485.61,655
Pierce,53053072000,115,24175,551.37,447.43,678.01
Pierce,53053072105,227,26331,478.57,410.83,578.08
Pierce,53053072106,178,29607,472.83,403.15,554.54
Pierce,53053072107,182,21284,551.6,468.8,650.91
Pierce,53053072108,157,28728,417.46,353.67,492.74
Pierce,53053072109,113,18334,376.73,305.44,467.51
Pierce,53053072111,76,13227,409.6,317.57,528.3
Pierce,53053072112,119,22338,429.89,352.48,524.07
Pierce,53053072305,244,30225,514.59,448.55,591.51
Pierce,53053072307,157,22301,512.74,432.74,606.58
Pierce,53053072308,262,35633,536.13,467.96,614.46
Pierce,53053072309,182,30242,485.89,414.94,568.28
Pierce,53053072310,131,19186,545.21,453.39,653.97
Pierce,53053072311,135,23725,460.59,384.16,550.99
Pierce,53053072312,122,28979,419.32,345.9,505.37
Pierce,53053072313,118,19976,442.44,362.09,541.39
Pierce,53053072405,182,21356,613.54,518.9,730.58
Pierce,53053072406,220,32573,648.91,558.22,753.47
Pierce,53053072407,213,24902,563.06,483.64,658.55
Pierce,53053072408,317,31638,625.76,552.66,712.18
Pierce,53053072409,111,12933,647.57,519.52,813.42
Pierce,53053072410,163,19560,587.75,487.71,714.33
Pierce,53053072503,167,22054,575.62,484.63,682.8
Pierce,53053072504,167,25039,592.33,501.15,704.57
Pierce,53053072505,380,44587,559.55,499.41,628.97
Pierce,53053072506,145,18489,523.22,430.78,641.79
Pierce,53053072507,186,15737,580.84,476.38,718.61
Pierce,53053072601,170,27431,488.44,411.49,578.51
Pierce,53053072602,156,21026,458.6,382.38,551.99
Pierce,53053072603,211,28805,498.4,426.38,584.66
Pierce,53053072800,145,47093,393.94,330.45,468.12
Pierce,53053072901,NULL,14557,NULL,NULL,NULL
Pierce,53053072903,14,19453,439.92,169.92,1802.12
Pierce,53053072905,17,28112,208.73,67.21,953.46
Pierce,53053072906,NULL,14158,NULL,NULL,NULL
Pierce,53053072907,16,25506,288.88,108.74,1071.24
Pierce,53053073001,210,33583,493.36,424.64,572.29
Pierce,53053073005,181,28392,473.7,401.19,559.9
Pierce,53053073006,114,20541,434.29,351.41,538.27
Pierce,53053073108,206,47140,564.01,479.47,666.07
Pierce,53053073110,125,19911,574.23,464.72,708.1
Pierce,53053073111,115,22226,544.08,442.91,667.1
Pierce,53053073113,179,37791,633.73,532.61,753.7
Pierce,53053073114,149,28633,542.9,451.21,652.36
Pierce,53053073115,149,22893,700.48,569.24,861.85
Pierce,53053073116,140,22291,538.13,445.65,648.71
Pierce,53053073117,136,19762,527.1,432.56,643.14
Pierce,53053073118,140,23830,489.12,403.09,594.88
Pierce,53053073119,118,16324,623.13,496.94,779.18
Pierce,53053073120,97,23149,566.11,439.72,730.14
Pierce,53053073121,137,25087,625.84,515.03,762.4
Pierce,53053073122,106,25975,636.03,504.52,805.22
Pierce,53053073123,137,24871,585.72,483.58,707.51
Pierce,53053073124,100,16640,610.12,490.21,757.58
Pierce,53053073125,244,55439,484.88,424.83,551.82
Pierce,53053073126,44,18637,668.18,429.96,1066.51
Pierce,53053073200,203,32974,460.61,395.65,536.32
Pierce,53053073301,172,28147,528.59,450.68,618.28
Pierce,53053073302,157,21381,507.04,426.89,602.43
Pierce,53053073404,215,31386,492.63,424.69,571.65
Pierce,53053073405,85,18579,448.36,354.73,562.87
Pierce,53053073406,147,28194,507.78,426.56,601.89
Pierce,53053073407,96,18450,442.8,354.18,549.8
Pierce,53053073408,165,21725,611,517.17,720.5
Pierce,53053073500,252,38751,500.49,436.33,574.02
Pierce,53053940001,122,14095,628.6,510.92,780.26
Pierce,53053940002,121,21166,494.62,407.19,597.5
Pierce,53053940003,100,37120,437.13,338.92,569.37
Pierce,53053940004,276,33030,555.65,487.68,634.17
Pierce,53053940005,132,30637,510.63,418.45,622.36
Pierce,53053940006,57,16732,809.32,584.77,1107.88
Pierce,53053940007,63,15923,452.15,342.36,595.39
Pierce,53053940008,171,30249,564.49,478.1,664.32
Pierce,53053940009,117,15819,535.04,435.29,659.12
Pierce,53053940010,156,21843,500.86,420.86,597.11
Pierce,53053940011,168,21022,536.07,451.15,641.48
San Juan,53055960100,238,28116,425.58,366.85,505.48
San Juan,53055960300,267,25007,479.33,415.24,573.58
San Juan,53055960400,136,15238,552.81,459.85,666.88
San Juan,53055960500,159,14609,425.12,354.08,571.2
San Juan,53055990100,0,0,0,0,0
Skagit,53057940200,154,11605,581.35,470.92,736.56
Skagit,53057940300,272,26190,537.57,466.99,624.27
Skagit,53057940400,356,37558,555.11,492.6,627.27
Skagit,53057940500,102,12869,537.13,431.78,672.96
Skagit,53057940600,123,7954,847.64,691.1,1050.33
Skagit,53057940700,74,8061,538.87,408.13,718.63
Skagit,53057940800,199,15989,582.08,490.53,698.69
Skagit,53057950100,62,4953,524.32,380.67,1006.24
Skagit,53057950800,250,32156,543.2,471.03,630.33
Skagit,53057950900,128,21262,492.02,403.76,603.18
Skagit,53057951000,107,15022,533.33,429.91,667.34
Skagit,53057951100,182,24885,517.82,437.31,613.01
Skagit,53057951200,116,16724,482.29,391.11,597.43
Skagit,53057951300,68,9949,483.97,367.96,643.61
Skagit,53057951400,153,20437,599.82,505.83,709.03
Skagit,53057951500,320,48212,538.97,479.98,604.51
Skagit,53057951600,137,22715,520.34,434.92,619.78
Skagit,53057951700,123,19590,556.22,460.24,668.75
Skagit,53057951800,124,22843,501.09,412.85,605.99
Skagit,53057951900,167,18864,508.33,426.45,612.8
Skagit,53057952100,146,17165,512.63,426.66,621.06
Skagit,53057952200,134,21416,568.16,473.81,679.2
Skagit,53057952301,106,23606,516.36,420.4,629.94
Skagit,53057952302,298,49723,557.9,494.79,627.82
Skagit,53057952401,78,14364,485.18,381.06,612.44
Skagit,53057952402,324,42603,532.69,472.43,600.5
Skagit,53057952500,79,16390,526.7,413.64,663.72
Skagit,53057952600,162,20224,573.53,484.33,678.61
Skagit,53057952700,148,19381,523.24,435.69,630.41
Skagit,53057990100,NULL,0,NULL,NULL,NULL
Skamania,53059950100,0,559,0,0,0
Skamania,53059950200,109,22569,341.14,274.18,435.52
Skamania,53059950300,34,10711,219,146.71,327.62
Skamania,53059950400,40,11691,203.06,141.2,298.19
Skamania,53059950500,36,13040,199.4,136.67,289.39
Snohomish,53061040100,171,27012,511.14,434.15,606.58
Snohomish,53061040200,200,30853,547.25,471.78,633.71
Snohomish,53061040300,88,15254,472.71,369.52,600.65
Snohomish,53061040400,114,20134,549.1,443.92,677.58
Snohomish,53061040500,60,12495,499.47,371.42,667.29
Snohomish,53061040700,149,25100,528.12,444.47,634.73
Snohomish,53061040800,120,17134,540.79,441.76,673.78
Snohomish,53061040900,123,14864,503.54,412,621.35
Snohomish,53061041000,194,27872,570.78,490.14,664.17
Snohomish,53061041100,158,23763,548.92,465.1,646.29
Snohomish,53061041201,72,17797,461.8,354.57,597.15
Snohomish,53061041202,167,30194,507.31,431.03,595.27
Snohomish,53061041301,232,26833,605.55,525.09,699.81
Snohomish,53061041303,124,23517,564.19,459.73,690.75
Snohomish,53061041304,115,14859,556.8,452.92,686.55
Snohomish,53061041400,201,29290,593.25,511.77,685.75
Snohomish,53061041500,69,7536,756.62,580.37,981.44
Snohomish,53061041601,188,30659,508.71,435.56,592.8
Snohomish,53061041605,143,31380,449.83,375.64,536.13
Snohomish,53061041606,142,32253,440.43,369.13,522.87
Snohomish,53061041607,115,19407,568.09,464.24,694.25
Snohomish,53061041608,184,36431,542.12,456.82,644.45
Snohomish,53061041701,179,28787,502.56,428.3,589.25
Snohomish,53061041703,179,31070,576.18,485.3,683.92
Snohomish,53061041704,142,29012,461.09,386.54,548.14
Snohomish,53061041805,182,30115,533.85,457.37,621.28
Snohomish,53061041806,195,42070,553.33,474.64,643.47
Snohomish,53061041808,142,21990,569.82,477.36,677.58
Snohomish,53061041809,126,26712,493.56,409.32,591.38
Snohomish,53061041810,129,26369,728.66,600.37,882.41
Snohomish,53061041811,176,41187,508.4,427,607.14
Snohomish,53061041812,156,30264,470.29,397.17,557.51
Snohomish,53061041901,107,25082,413.6,334.68,509.47
Snohomish,53061041903,134,36451,417.62,348.28,498.43
Snohomish,53061041904,138,31274,644.31,536.14,771.95
Snohomish,53061041905,87,27680,407.1,317.07,521.05
Snohomish,53061042001,217,30734,533.79,459.38,620.81
Snohomish,53061042003,116,17417,541.74,435.18,673.86
Snohomish,53061042004,119,23055,522.29,424.81,639.43
Snohomish,53061042005,197,27509,615.89,519.97,733.74
Snohomish,53061042006,119,24240,625.18,505.11,773.08
Snohomish,53061050101,121,14650,605.05,494.57,741.18
Snohomish,53061050102,126,29814,463.25,379.97,562.9
Snohomish,53061050200,187,21491,518.41,437.91,621.48
Snohomish,53061050300,281,27539,606.44,527.6,703.61
Snohomish,53061050401,284,36261,523.37,460.8,594.82
Snohomish,53061050402,219,27721,530.17,458.76,614.06
Snohomish,53061050500,490,34568,620.95,544.28,713.07
Snohomish,53061050600,42,6549,471.42,300.89,907.78
Snohomish,53061050700,235,31244,547.06,477,627.94
Snohomish,53061050800,260,32235,583.48,511.71,665.41
Snohomish,53061050900,106,16734,483.29,392.8,597.64
Snohomish,53061051000,146,22604,541.74,455.8,642.21
Snohomish,53061051100,129,21562,469.65,390.37,564.02
Snohomish,53061051200,111,22608,424.87,347.23,517.25
Snohomish,53061051300,218,37762,517.06,448.53,594.65
Snohomish,53061051400,190,40305,463.4,398.47,537.08
Snohomish,53061051500,197,28761,483.66,414.92,563.68
Snohomish,53061051601,140,25113,533.27,444.36,637.08
Snohomish,53061051602,140,21164,452.26,376.92,544.63
Snohomish,53061051701,197,28510,521.53,448.44,606.12
Snohomish,53061051702,165,25076,435,367.22,517.14
Snohomish,53061051802,166,32409,475.8,402.77,560.48
Snohomish,53061051803,137,32430,577.1,473.59,700.82
Snohomish,53061051804,118,30221,530.79,426.11,662.04
Snohomish,53061051905,215,45188,443.05,382.06,513.47
Snohomish,53061051912,87,11938,577.17,447.42,747.09
Snohomish,53061051913,145,22656,540.4,447.42,650.81
Snohomish,53061051914,166,21819,588.21,494.51,699.31
Snohomish,53061051915,197,41325,476.72,408.03,556.19
Snohomish,53061051916,102,21540,453.18,363.04,563.73
Snohomish,53061051917,151,21582,493.95,415.94,588.89
Snohomish,53061051918,172,26351,458.44,390.22,538.74
Snohomish,53061051921,104,23401,516.24,413.3,643.84
Snohomish,53061051922,129,28256,465.17,384.77,563.17
Snohomish,53061051923,139,35747,592.97,478.03,740.37
Snohomish,53061051924,158,36042,480.85,404.65,570.51
Snohomish,53061051925,185,41329,502.15,426.81,589.87
Snohomish,53061051926,144,26762,469.74,389.25,566.54
Snohomish,53061051927,151,28336,545.91,453.03,658.42
Snohomish,53061051928,88,29698,353.22,277.59,447.84
Snohomish,53061052003,190,52715,500.57,419.92,598.98
Snohomish,53061052004,207,31498,486.08,418.56,564.23
Snohomish,53061052005,256,28791,569.36,495.51,658.69
Snohomish,53061052006,124,22203,591.19,478.25,729.56
Snohomish,53061052007,123,26825,581.75,464.29,732.17
Snohomish,53061052104,105,18616,596.97,481.79,735.89
Snohomish,53061052105,79,10004,508.97,393.46,659.38
Snohomish,53061052107,136,29733,565.32,459.88,692.95
Snohomish,53061052108,205,30517,558.25,477.2,653.94
Snohomish,53061052112,100,14074,511.7,402.81,651.51
Snohomish,53061052113,110,16307,570.77,451.31,726.29
Snohomish,53061052114,142,25595,618.41,501.76,767.4
Snohomish,53061052115,178,34871,567.71,472.56,686.01
Snohomish,53061052118,198,36740,638.3,541.78,752.2
Snohomish,53061052203,168,29529,680.33,569.08,811.1
Snohomish,53061052204,89,27624,490.9,384.04,627.29
Snohomish,53061052206,148,24464,534.42,442.33,646.2
Snohomish,53061052207,168,28925,491.88,414.7,581.92
Snohomish,53061052208,102,21412,418.46,335.91,518.31
Snohomish,53061052209,71,26230,314.99,242.56,407.08
Snohomish,53061052301,171,25251,634.2,525.89,764.17
Snohomish,53061052302,134,20083,539.17,438.82,662.93
Snohomish,53061052401,169,20818,622.95,528.44,734.64
Snohomish,53061052402,155,20425,656.15,554.09,774.28
Snohomish,53061052502,175,25423,526.02,447.99,617.73
Snohomish,53061052503,146,43629,384.32,322.21,456.7
Snohomish,53061052504,83,13251,495.39,386.94,633.74
Snohomish,53061052603,86,13096,687.65,537.74,875.1
Snohomish,53061052604,141,24459,542.45,452.06,649.04
Snohomish,53061052605,192,30457,705.69,604.06,821.9
Snohomish,53061052606,158,27826,651.09,542.45,779.29
Snohomish,53061052607,122,31762,483.2,389.63,602.13
Snohomish,53061052701,76,9108,609.62,468.33,807.42
Snohomish,53061052705,213,41342,587.01,504.02,683.03
Snohomish,53061052706,137,29115,786.72,627.73,988.96
Snohomish,53061052707,93,21499,591.43,456.33,770.45
Snohomish,53061052708,153,27420,577.36,484.66,685.18
Snohomish,53061052709,109,17379,589.74,475.27,732.76
Snohomish,53061052803,203,30109,611.89,528.33,706.94
Snohomish,53061052804,238,40181,615.38,534.56,706.33
Snohomish,53061052805,173,22099,505.18,427.08,597.95
Snohomish,53061052806,207,36233,620.01,534.52,717.2
Snohomish,53061052903,121,20820,561.28,463.91,674.79
Snohomish,53061052904,182,27793,539.7,463.36,626.92
Snohomish,53061052905,168,21984,569.04,480.08,675.39
Snohomish,53061052906,168,22982,592.53,504.39,694.39
Snohomish,53061053101,138,23054,529.74,440.68,634.82
Snohomish,53061053102,216,27028,584.62,502.66,682.56
Snohomish,53061053201,187,21372,507.07,431.01,603.11
Snohomish,53061053202,181,22335,639.63,540.78,757.8
Snohomish,53061053301,227,34080,531.1,461.61,609.37
Snohomish,53061053302,243,31457,574.99,499.57,661.73
Snohomish,53061053400,226,29995,553.82,476.59,644.32
Snohomish,53061053504,227,33890,568.63,495.08,651.44
Snohomish,53061053505,160,27994,542.59,447.26,657.31
Snohomish,53061053506,202,29193,531.68,454.35,622.56
Snohomish,53061053507,161,25665,620.58,522.74,735.78
Snohomish,53061053508,105,17574,541.25,440.15,661.61
Snohomish,53061053509,141,20118,613.62,515.01,728.82
Snohomish,53061053602,199,31640,604.06,512.68,711.71
Snohomish,53061053603,165,21167,611.49,512.09,731.29
Snohomish,53061053604,138,22430,576.05,480.84,688.32
Snohomish,53061053700,122,15989,509.34,416.39,625.01
Snohomish,53061053801,168,19441,721.25,605.84,856.99
Snohomish,53061053802,165,29046,579.5,489.36,685.24
Snohomish,53061053803,196,27632,606.21,518.88,706.81
Snohomish,53061940001,245,34197,573.41,497.53,659.9
Snohomish,53061940002,225,22210,829.48,708.97,970.23
Snohomish,53061990002,0,0,0,0,0
Snohomish,53061990100,0,0,0,0,0
Spokane,53063000200,101,23530,444.68,357.92,548.49
Spokane,53063000300,105,27280,389.12,316.04,477.49
Spokane,53063000400,82,20735,371.76,294.38,467.56
Spokane,53063000500,79,17083,387.76,304.89,491.78
Spokane,53063000600,58,15150,337.77,254.59,443.87
Spokane,53063000700,87,25012,311.48,248.12,388.08
Spokane,53063000800,141,23872,370.42,303.72,456.1
Spokane,53063000900,130,30385,324.18,268.29,391.13
Spokane,53063001000,130,27666,362.54,301.04,435.94
Spokane,53063001100,63,16208,291.92,220.25,384.8
Spokane,53063001200,50,11127,426.02,312.42,573.88
Spokane,53063001300,71,17306,409,314.36,529.35
Spokane,53063001400,108,31534,347.22,283.49,422.52
Spokane,53063001500,107,27860,399.4,324.87,488.63
Spokane,53063001600,81,18783,417.71,329.26,526.9
Spokane,53063001800,82,14005,389.49,300.95,504.35
Spokane,53063001900,89,17821,465.58,369.86,582.64
Spokane,53063002000,87,21210,489,384.23,621.97
Spokane,53063002100,37,12448,284.48,198.33,403.42
Spokane,53063002300,111,28676,347.35,283.38,424.01
Spokane,53063002400,51,14438,339.17,250.46,466.07
Spokane,53063002500,85,43956,313.9,247.11,397.64
Spokane,53063002600,103,26673,449.93,363.55,554.36
Spokane,53063002900,65,17021,342.03,261.09,444.8
Spokane,53063003000,39,14026,321.94,222.06,464.54
Spokane,53063003100,87,25232,431.77,339.35,548.44
Spokane,53063003200,61,12835,353.24,257.56,533.35
Spokane,53063003500,84,13366,356.95,276.18,617.95
Spokane,53063003600,76,22283,308.69,240.36,411.3
Spokane,53063003800,42,8929,456.29,319.03,644.83
Spokane,53063003900,74,10424,367.37,278.96,507.98
Spokane,53063004000,83,24904,377.14,294.78,481.72
Spokane,53063004100,70,10541,447.59,341.75,588.68
Spokane,53063004200,121,23721,378.32,309.58,464.25
Spokane,53063004300,96,16739,391.81,309.85,497.47
Spokane,53063004400,125,21874,421.97,347.96,512.26
Spokane,53063004500,95,18316,387.99,308.22,489.93
Spokane,53063004601,148,18033,465.33,373.32,581.83
Spokane,53063004602,49,16048,271.97,199.53,370.83
Spokane,53063004700,143,33716,332.72,277.31,398.89
Spokane,53063004800,100,19531,344.47,276.12,432.36
Spokane,53063004900,155,27517,362.78,303.03,435.34
Spokane,53063005000,111,20833,412.4,332.94,513.1
Spokane,53063010100,135,32024,309.34,254.05,379.34
Spokane,53063010201,96,21278,327.55,257.91,416.05
Spokane,53063010202,145,36396,349.1,285.26,431.09
Spokane,53063010301,76,23827,228.07,177.15,294.58
Spokane,53063010303,78,15809,323.94,248.45,432.83
Spokane,53063010304,126,30601,320.84,260.73,394.18
Spokane,53063010305,134,32770,371.48,303.8,453.56
Spokane,53063010401,60,35965,236.11,164.03,342.95
Spokane,53063010402,181,36116,409.27,344.9,486.45
Spokane,53063010501,204,42255,345.14,297.37,401.69
Spokane,53063010503,198,40003,405.96,344.8,478.71
Spokane,53063010504,109,18373,462.16,374.92,572.84
Spokane,53063010601,83,18092,295.4,232.48,380.1
Spokane,53063010602,211,40273,404.88,347.83,470.77
Spokane,53063010700,118,38307,384.3,307.22,483.79
Spokane,53063010800,46,11016,413.41,294.03,574.21
Spokane,53063010900,91,24550,346.07,270.32,445.93
Spokane,53063011000,102,17902,434.93,346.15,544.54
Spokane,53063011101,146,28062,389.22,320.41,473.57
Spokane,53063011102,65,18291,331.9,252.02,433.41
Spokane,53063011201,183,35641,412.18,351.71,484.05
Spokane,53063011202,87,20593,326.59,257,414.82
Spokane,53063011300,194,40264,382.49,326.64,447.69
Spokane,53063011400,140,28566,401.47,334.86,479.97
Spokane,53063011500,36,7295,426.93,292.07,611.59
Spokane,53063011600,59,8955,513.45,385.84,680.68
Spokane,53063011701,69,11721,438.71,336.56,570.12
Spokane,53063011702,108,32498,462.8,370.64,577.37
Spokane,53063011800,147,25323,469.35,391.43,563.05
Spokane,53063011900,85,22322,348.75,276.02,438.37
Spokane,53063012000,94,20121,357.93,287.05,447.73
Spokane,53063012100,74,13152,472.57,368.5,602.69
Spokane,53063012200,73,11849,596.34,458.92,771.18
Spokane,53063012300,137,28633,377.11,313.41,452.57
Spokane,53063012401,114,22402,294.69,236.9,376.83
Spokane,53063012402,152,36594,333.19,276.43,403.55
Spokane,53063012500,81,17897,408.11,321.71,512.92
Spokane,53063012600,81,18538,374.97,296.07,471.79
Spokane,53063012701,100,18716,358.27,284.58,451.34
Spokane,53063012702,56,10838,356.35,263.17,483.69
Spokane,53063012801,110,20539,431.55,350.27,530.39
Spokane,53063012802,88,16530,399.69,315.17,505.55
Spokane,53063012901,102,15544,435.18,347.93,547.91
Spokane,53063012902,184,35524,397.8,340.65,463.78
Spokane,53063013000,180,47238,329.71,281.93,384.58
Spokane,53063013100,303,61968,409.4,361.72,463.13
Spokane,53063013201,181,37864,390.55,329.73,463.64
Spokane,53063013202,212,53854,348.83,301.31,403.67
Spokane,53063013300,66,15674,354.41,265.09,484.24
Spokane,53063013401,108,25932,336.14,270.79,417.94
Spokane,53063013500,204,45851,388.09,330.84,455.67
Spokane,53063013600,93,22230,387.14,309.91,480.86
Spokane,53063013700,84,21679,427.96,332.68,547.87
Spokane,53063013800,NULL,13355,NULL,NULL,NULL
Spokane,53063013900,101,28514,291.41,233.43,362.07
Spokane,53063014001,58,28706,351.81,263.02,469.74
Spokane,53063014002,58,28806,263.29,198.07,345.85
Spokane,53063014100,122,30681,342.83,279.54,421.32
Spokane,53063014200,74,17769,366.13,279.45,497.37
Spokane,53063014300,67,16614,299.41,225.66,396.35
Spokane,53063014400,99,25024,386.24,311.6,475.5
Spokane,53063014500,54,11468,461.75,331.49,648.5
Stevens,53065941000,21,10527,226.56,136,365.91
Stevens,53065950100,167,37507,269.3,223.57,325.41
Stevens,53065950200,97,19854,309.28,246.29,392.68
Stevens,53065950300,77,13074,412.11,318.66,538.49
Stevens,53065950500,53,11816,291.62,212.5,411.66
Stevens,53065950600,57,11745,250.98,178.68,365.68
Stevens,53065950700,64,13024,301.42,226.54,407.09
Stevens,53065950800,75,16539,284.54,213.43,389.72
Stevens,53065950900,38,8143,266.09,176.45,417.77
Stevens,53065951100,90,18731,319.86,249.74,411.81
Stevens,53065951300,110,22659,308.68,248.05,386.77
Stevens,53065951400,179,39620,371.62,313.6,439.58
Thurston,53067010100,121,17854,468.95,386.02,582.89
Thurston,53067010200,186,26452,558.18,478.47,650.76
Thurston,53067010300,157,26007,645.87,543.16,764.92
Thurston,53067010400,113,17743,465.67,380.23,570.35
Thurston,53067010510,113,13777,457.06,347.19,610.72
Thurston,53067010520,158,31145,484.86,409.44,572.97
Thurston,53067010600,163,31218,452.93,382.13,536.32
Thurston,53067010700,160,30044,463.57,391.16,549.34
Thurston,53067010800,205,33939,473.2,409.49,546.54
Thurston,53067010910,198,39647,582.35,498.22,679.61
Thurston,53067010920,201,23330,505.59,426.89,600.02
Thurston,53067011000,210,25279,625.13,537.26,728.21
Thurston,53067011100,142,20829,587.93,491.05,701.05
Thurston,53067011200,166,26627,534.63,450.7,634.28
Thurston,53067011300,234,22577,529.73,448.99,627.34
Thurston,53067011410,152,26253,477.61,402.19,565.44
Thurston,53067011420,215,35407,538.63,465.58,621.42
Thurston,53067011500,165,28913,534.71,453.76,627.91
Thurston,53067011610,274,38465,518.75,456.99,588.47
Thurston,53067011621,259,38382,581.37,508.87,662.62
Thurston,53067011622,99,22654,491.1,394.72,609.29
Thurston,53067011623,140,30600,480.93,401.7,574.55
Thurston,53067011624,130,20219,656.67,531.83,809.09
Thurston,53067011710,253,40797,495.87,433.88,566.39
Thurston,53067011720,164,26903,521.16,435.58,624.48
Thurston,53067011810,112,18464,457.42,368.13,575.14
Thurston,53067011821,166,23202,556.51,470.94,659.23
Thurston,53067011822,136,22003,571.42,474.78,685.33
Thurston,53067011900,311,36663,609.59,536.68,693.65
Thurston,53067012000,252,40957,546.68,477.28,627.39
Thurston,53067012100,194,22560,535.71,455.96,633.82
Thurston,53067012211,100,13394,524.95,420.43,665.67
Thurston,53067012212,251,36971,417.81,361.94,482.44
Thurston,53067012221,210,31346,517,444.72,600.75
Thurston,53067012222,364,50952,487.07,430.33,552.47
Thurston,53067012310,256,50463,432.96,379.5,492.73
Thurston,53067012320,113,14814,547.46,444.77,673.97
Thurston,53067012330,98,23514,508.75,403.07,640.23
Thurston,53067012411,254,44526,582.05,511.88,659.88
Thurston,53067012412,128,26823,492.21,408.73,589.28
Thurston,53067012420,153,22155,597.82,496.64,716.26
Thurston,53067012510,94,16928,674.14,515.53,906.17
Thurston,53067012520,258,38778,512.3,446.96,587.27
Thurston,53067012530,147,21269,553.72,461.69,664.01
Thurston,53067012610,198,31706,447.16,381.1,524.91
Thurston,53067012620,152,23837,496.27,417.15,588.58
Thurston,53067012710,76,11795,585.48,447.8,762.59
Thurston,53067012720,239,32723,654.53,566.18,756.55
Thurston,53067012730,203,33598,495.13,424.63,576.41
Thurston,53067990100,0,0,0,0,0
Wahkiakum,53069950100,127,20300,329.03,261.66,419.05
Walla Walla,53071920000,88,26402,288.8,227.62,365.35
Walla Walla,53071920100,113,25240,329.75,265.79,409.54
Walla Walla,53071920200,117,20840,426.39,348.34,522.46
Walla Walla,53071920300,210,45814,374.26,319.16,438.85
Walla Walla,53071920400,17,12638,283.17,121.93,5605.35
Walla Walla,53071920500,35,14496,334.24,217.03,516.23
Walla Walla,53071920600,185,31714,396.68,337.17,466.99
Walla Walla,53071920701,96,19585,344.36,272.23,435.83
Walla Walla,53071920702,120,23870,373.09,306.21,453.86
Walla Walla,53071920801,128,25624,430.79,356.21,518.99
Walla Walla,53071920802,66,17143,276.24,202.57,402.81
Walla Walla,53071920900,243,43414,362.33,314.31,418.69
Whatcom,53073000100,422,51062,535.45,482.86,594.21
Whatcom,53073000200,375,54011,475.31,424.19,533.16
Whatcom,53073000300,198,38845,475.71,409.55,551.55
Whatcom,53073000400,248,32438,532.33,463.4,611.49
Whatcom,53073000501,108,26860,496.04,403.11,608.33
Whatcom,53073000502,73,14327,585.39,449.03,761.16
Whatcom,53073000600,54,10511,761.85,554.61,1052.07
Whatcom,53073000700,154,33268,566.29,477.28,668.55
Whatcom,53073000803,241,32591,534.3,465.31,613.22
Whatcom,53073000804,226,34544,551.27,477.43,635.84
Whatcom,53073000805,171,26077,496.08,420.57,585.34
Whatcom,53073000806,263,40973,556.14,482.27,642.33
Whatcom,53073000901,228,35724,521.47,453.42,599.75
Whatcom,53073000902,246,31125,558.67,486.95,643.25
Whatcom,53073001000,56,38264,433.33,316.91,631.04
Whatcom,53073001100,312,34356,523.28,457.06,609.38
Whatcom,53073001201,103,33957,532.95,428.95,660.67
Whatcom,53073001202,199,18596,517.65,435.56,658.25
Whatcom,53073010100,257,42252,533.14,463.63,613.88
Whatcom,53073010200,244,44218,499.38,436.79,569.79
Whatcom,53073010301,230,36164,473.65,412.29,544.13
Whatcom,53073010302,212,25867,505.34,430.8,593.39
Whatcom,53073010303,191,29245,509.53,435.93,594.43
Whatcom,53073010401,323,43749,535.06,474.5,603.3
Whatcom,53073010403,297,28184,581.22,507.21,669.28
Whatcom,53073010404,245,33312,566.7,491.81,653.47
Whatcom,53073010501,275,42894,548.09,483.51,620.71
Whatcom,53073010502,259,41731,579.22,508.48,657.99
Whatcom,53073010600,254,34922,573,501.47,653.98
Whatcom,53073010701,222,32531,528.72,457.4,611.69
Whatcom,53073010702,108,23046,421.06,341.97,516.58
Whatcom,53073010900,44,5203,410.39,249.29,750.27
Whatcom,53073011000,42,8099,259.5,170.44,507.17
Whatcom,53073940000,206,25333,622.13,531.89,727.19
Whitman,53075000100,NULL,35931,NULL,NULL,NULL
Whitman,53075000200,75,34544,286.65,221.73,368.22
Whitman,53075000300,67,27343,264.19,202.67,340.78
Whitman,53075000400,55,19460,242.43,179.62,327.59
Whitman,53075000500,0,15564,0,0,0
Whitman,53075000600,15,44372,162.58,72.23,358.52
Whitman,53075000700,63,18319,243.32,182.41,331.87
Whitman,53075000800,75,17698,308.26,238.33,398.11
Whitman,53075000900,65,18861,216.45,163.67,292.78
Whitman,53075001000,31,11079,201.22,130.85,318.33
Yakima,53077000100,67,15995,514.91,393.1,666.67
Yakima,53077000200,88,28756,489.85,375.75,640.96
Yakima,53077000300,141,23420,356.58,293.24,435.83
Yakima,53077000400,318,37971,503.4,442.83,573.95
Yakima,53077000500,145,27019,359.54,296.93,435.27
Yakima,53077000600,80,35056,377.37,288.48,498.69
Yakima,53077000700,130,35965,392.81,327.18,469.84
Yakima,53077000800,136,22794,394.87,327.03,477.79
Yakima,53077000901,287,38941,476.22,418.99,541.67
Yakima,53077000902,113,19581,479.02,392.52,583.87
Yakima,53077001000,145,29681,497.85,417.79,590.12
Yakima,53077001100,182,35402,397.42,340.16,464.49
Yakima,53077001201,78,20207,488.97,383.85,620.07
Yakima,53077001202,113,31977,362.48,297.07,439.69
Yakima,53077001300,78,13726,444.31,347.93,566.15
Yakima,53077001400,101,17673,593.49,481.31,726.12
Yakima,53077001501,64,36365,246.71,187.47,323.81
Yakima,53077001502,19,14267,194.29,110.22,349.26
Yakima,53077001601,73,12397,475.38,365.8,619.25
Yakima,53077001602,238,42815,373.19,323.84,430.27
Yakima,53077001701,84,16417,395.76,310.46,502.75
Yakima,53077001702,107,32968,369.2,298.61,454.95
Yakima,53077001800,115,36651,278.05,228.13,337.17
Yakima,53077001901,39,20078,289.23,200.82,410.87
Yakima,53077001902,81,32492,324.84,255.93,408.75
Yakima,53077002001,92,43015,295.04,237.12,363.81
Yakima,53077002002,109,45296,261.91,214.16,318.02
Yakima,53077002101,46,9964,544.05,376.52,777.1
Yakima,53077002102,69,41997,215.4,165.82,277.99
Yakima,53077002200,146,40216,377.89,317.49,447.59
Yakima,53077002701,26,17560,164,105.34,251.55
Yakima,53077002801,162,27766,467.37,392.03,558.21
Yakima,53077002802,219,41383,434.88,376.47,502.65
Yakima,53077002900,139,34111,368.38,307.07,440.26
Yakima,53077003001,149,24246,481.74,397.63,584.28
Yakima,53077003002,83,19272,325.18,255.76,414.23
Yakima,53077003100,159,27066,440.01,370.7,522.62
Yakima,53077003200,131,34752,381.86,317.93,456.25
Yakima,53077003400,138,22276,452.25,374.53,550.33
Yakima,53077940001,110,32923,360.97,294.16,439.75
Yakima,53077940002,71,22597,330.98,256.57,423.32
Yakima,53077940003,64,18863,317.02,239.81,416.21
Yakima,53077940004,85,34185,333.93,264.82,419.24
Yakima,53077940005,56,23915,308.31,231.32,405.13
Yakima,53077940006,53,24303,319.2,234.01,432.13